commit_short_sha,game_number,pair_number,opening_index,engine_a_was_white,white_engine,black_engine,result,termination_reason,plies,engine_a_score,white_moves,black_moves,white_total_positions,black_total_positions,white_average_positions,black_average_positions,white_average_move_ms,black_average_move_ms,game_elapsed_ms,failure_engine,failure_message,opening_fen
db423ca,1,1,1,true,V2_0Engine,V1_6Engine,1/2-1/2,claimable_draw,176,0.5,88,88,79230,77287,900.3409090909091,878.2613636363636,302.0223443181818,283.29651022727273,51582.4766,,,rn2kb1r/pp2pppp/1qp5/3n1b2/3P4/1QN2N2/PP2PPPP/R1B1KB1R w KQkq - 0 1
db423ca,2,1,1,false,V1_6Engine,V2_0Engine,1/2-1/2,max_plies,200,0.5,100,100,86336,83870,863.36,838.7,278.84747500000014,282.60689800000006,56209.8482,,,rn2kb1r/pp2pppp/1qp5/3n1b2/3P4/1QN2N2/PP2PPPP/R1B1KB1R w KQkq - 0 1
db423ca,3,2,2,true,V2_0Engine,V1_6Engine,1/2-1/2,claimable_draw,55,0.5,28,27,23140,17988,826.4285714285714,666.2222222222222,323.33222857142863,261.9952296296297,16149.2768,,,rnbq1rk1/ppp1ppbp/5np1/3p2B1/3P4/2P2N2/PP1NPPPP/R2QKB1R w KQ - 0 1
db423ca,4,2,2,false,V1_6Engine,V2_0Engine,1/2-1/2,max_plies,200,0.5,100,100,72716,81813,727.16,818.13,279.58305600000017,314.992478,59545.6874,,,rnbq1rk1/ppp1ppbp/5np1/3p2B1/3P4/2P2N2/PP1NPPPP/R2QKB1R w KQ - 0 1
db423ca,5,3,3,true,V2_0Engine,V1_6Engine,1-0,checkmate,187,1,94,93,90856,92572,966.5531914893617,995.3978494623656,291.77810531914895,290.6294935483872,54527.5708,,,rnbq1rk1/ppp1bppp/5n2/3p4/8/5NP1/PP1PPPBP/RNBQ1RK1 w - - 0 1
db423ca,6,3,3,false,V1_6Engine,V2_0Engine,1/2-1/2,max_plies,200,0.5,100,100,74268,72795,742.68,727.95,263.85807200000005,270.6381840000001,53526.1552,,,rnbq1rk1/ppp1bppp/5n2/3p4/8/5NP1/PP1PPPBP/RNBQ1RK1 w - - 0 1
db423ca,7,4,4,true,V2_0Engine,V1_6Engine,1/2-1/2,max_plies,200,0.5,100,100,71683,70004,716.83,700.04,303.4316610000001,269.319707,57357.7937,,,r1bqkb1r/pp1n1ppp/2p1pn2/3p4/2PP4/1P2PN2/PB3PPP/RN1QKB1R b KQkq - 0 1
db423ca,8,4,4,false,V1_6Engine,V2_0Engine,0-1,checkmate,35,1,17,18,12272,13126,721.8823529411765,729.2222222222222,275.1502823529412,280.39944999999994,9737.7993,,,r1bqkb1r/pp1n1ppp/2p1pn2/3p4/2PP4/1P2PN2/PB3PPP/RN1QKB1R b KQkq - 0 1
db423ca,9,5,5,true,V2_0Engine,V1_6Engine,1/2-1/2,claimable_draw,126,0.5,63,63,69643,70195,1105.4444444444443,1114.2063492063492,293.4137682539683,268.2435126984126,35421.6319,,,r1bqr1k1/pppnppbp/3p1np1/8/2PP1B2/2N1PN1P/PP3PP1/R2QKB1R w KQ - 0 1
db423ca,10,5,5,false,V1_6Engine,V2_0Engine,0-1,checkmate,18,1,9,9,6146,6813,682.8888888888889,757,265.1474666666667,285.8471,4967.6657,,,r1bqr1k1/pppnppbp/3p1np1/8/2PP1B2/2N1PN1P/PP3PP1/R2QKB1R w KQ - 0 1
db423ca,11,6,6,true,V2_0Engine,V1_6Engine,0-1,checkmate,74,0,37,37,25418,25376,686.972972972973,685.8378378378378,296.60052162162157,264.42366216216215,20785.3431,,,rnbqk1nr/ppppp1bp/6p1/5p2/2P5/6P1/PP1PPPBP/RNBQK1NR w KQkq - 0 1
db423ca,12,6,6,false,V1_6Engine,V2_0Engine,1/2-1/2,max_plies,200,0.5,100,100,104784,92045,1047.84,920.45,306.92950900000005,276.3566439999999,58401.4113,,,rnbqk1nr/ppppp1bp/6p1/5p2/2P5/6P1/PP1PPPBP/RNBQK1NR w KQkq - 0 1
db423ca,13,7,7,true,V2_0Engine,V1_6Engine,1-0,checkmate,127,1,64,63,60429,66479,944.203125,1055.2222222222222,275.31601875,309.81899047619044,37188.2685,,,rnbqkbnr/pppp1ppp/8/4p3/8/2N5/PPPPPPPP/R1BQKBNR w KQkq - 0 1
db423ca,14,7,7,false,V1_6Engine,V2_0Engine,1/2-1/2,max_plies,200,0.5,100,100,73405,80349,734.05,803.49,270.33886300000006,308.798977,57988.5232,,,rnbqkbnr/pppp1ppp/8/4p3/8/2N5/PPPPPPPP/R1BQKBNR w KQkq - 0 1
db423ca,15,8,8,true,V2_0Engine,V1_6Engine,1/2-1/2,draw,153,0.5,77,76,68043,61907,883.6753246753246,814.5657894736842,314.38439090909094,281.34956842105254,45648.6454,,,r1bqk2r/pp1n1ppp/2n1p3/2bpP3/5P2/2N2N2/PPP3PP/R1BQKB1R w KQkq - 0 1
db423ca,16,8,8,false,V1_6Engine,V2_0Engine,1/2-1/2,max_plies,200,0.5,100,100,82637,75233,826.37,752.33,283.89276700000005,272.628358,55729.7145,,,r1bqk2r/pp1n1ppp/2n1p3/2bpP3/5P2/2N2N2/PPP3PP/R1BQKB1R w KQkq - 0 1
db423ca,17,9,9,true,V2_0Engine,V1_6Engine,1-0,checkmate,196,1,98,98,92326,100912,942.1020408163265,1029.7142857142858,260.3568316326531,297.5667102040816,54741.1999,,,rnbqkbnr/ppp1pppp/3p4/8/2PP4/8/PP2PPPP/RNBQKBNR b KQkq - 0 1
db423ca,18,9,9,false,V1_6Engine,V2_0Engine,1/2-1/2,max_plies,200,0.5,100,100,80492,77801,804.92,778.01,266.4928080000001,273.13250500000015,54036.8334,,,rnbqkbnr/ppp1pppp/3p4/8/2PP4/8/PP2PPPP/RNBQKBNR b KQkq - 0 1
db423ca,19,10,10,true,V2_0Engine,V1_6Engine,1/2-1/2,max_plies,200,0.5,100,100,76907,81473,769.07,814.73,277.50947899999994,268.189731,54657.0423,,,rn2kbnr/pp2ppp1/1qp5/3pP1Bp/3P3P/3b4/PPP2PP1/RN1QK1NR w KQkq - 0 1
db423ca,20,10,10,false,V1_6Engine,V2_0Engine,1/2-1/2,max_plies,200,0.5,100,100,84435,83271,844.35,832.71,269.86058,272.661809,54330.5781,,,rn2kbnr/pp2ppp1/1qp5/3pP1Bp/3P3P/3b4/PPP2PP1/RN1QK1NR w KQkq - 0 1
db423ca,21,11,11,true,V2_0Engine,V1_6Engine,1-0,checkmate,109,1,55,54,47781,48235,868.7454545454545,893.2407407407408,272.07829818181824,269.8615037037037,29572.5621,,,r2q1rk1/ppp1bppp/2np1n2/4p3/2B1PPb1/2NP1N2/PPP3PP/R1BQ1RK1 w - - 0 1
db423ca,22,11,11,false,V1_6Engine,V2_0Engine,0-1,checkmate,144,1,72,72,70560,65443,980,908.9305555555555,301.53625416666677,279.3662194444445,41876.1871,,,r2q1rk1/ppp1bppp/2np1n2/4p3/2B1PPb1/2NP1N2/PPP3PP/R1BQ1RK1 w - - 0 1
db423ca,23,12,12,true,V2_0Engine,V1_6Engine,1/2-1/2,max_plies,200,0.5,100,100,72796,61252,727.96,612.52,330.129335,273.60338800000005,60464.0126,,,rnbqk2r/ppppppbp/5np1/8/8/1P2PN2/P1PP1PPP/RNBQKB1R w KQkq - 0 1
db423ca,24,12,12,false,V1_6Engine,V2_0Engine,1/2-1/2,max_plies,200,0.5,100,100,60882,62788,608.82,627.88,281.201185,290.698487,57270.7554,,,rnbqk2r/ppppppbp/5np1/8/8/1P2PN2/P1PP1PPP/RNBQKB1R w KQkq - 0 1
db423ca,25,13,13,true,V2_0Engine,V1_6Engine,1/2-1/2,claimable_draw,54,0.5,27,27,21307,20002,789.1481481481482,740.8148148148148,311.8409666666667,266.7406851851852,15644.6205,,,r1bqkb1r/pp1npppp/2p2n2/8/3P4/5NN1/PPP2PPP/R1BQKB1R b KQkq - 0 1
db423ca,26,13,13,false,V1_6Engine,V2_0Engine,1/2-1/2,max_plies,200,0.5,100,100,84943,81560,849.43,815.6,283.86736099999985,273.1224469999999,55780.0404,,,r1bqkb1r/pp1npppp/2p2n2/8/3P4/5NN1/PPP2PPP/R1BQKB1R b KQkq - 0 1
db423ca,27,14,14,true,V2_0Engine,V1_6Engine,1/2-1/2,max_plies,200,0.5,100,100,88212,92164,882.12,921.64,281.02533000000005,288.72569400000015,57036.4804,,,rnbqkbnr/pp3ppp/4p3/2pP4/2p5/2N5/PP2PPPP/R1BQKBNR w KQkq - 0 1
db423ca,28,14,14,false,V1_6Engine,V2_0Engine,0-1,checkmate,136,1,68,68,78244,73929,1150.6470588235295,1087.1911764705883,300.3554338235295,260.34805882352936,38175.4901,,,rnbqkbnr/pp3ppp/4p3/2pP4/2p5/2N5/PP2PPPP/R1BQKBNR w KQkq - 0 1
db423ca,29,15,15,true,V2_0Engine,V1_6Engine,1/2-1/2,draw,103,0.5,52,51,48886,50041,940.1153846153846,981.1960784313726,291.8305153846154,284.81277647058823,29733.9887,,,r1bqkb1r/pp1n1ppp/2n1p3/2ppP3/3P1P2/2N2N2/PPP3PP/R1BQKB1R w KQkq - 0 1
db423ca,30,15,15,false,V1_6Engine,V2_0Engine,1/2-1/2,claimable_draw,68,0.5,34,34,19977,23539,587.5588235294117,692.3235294117648,268.5534088235294,325.54054117647064,20234.5742,,,r1bqkb1r/pp1n1ppp/2n1p3/2ppP3/3P1P2/2N2N2/PPP3PP/R1BQKB1R w KQkq - 0 1
db423ca,31,16,16,true,V2_0Engine,V1_6Engine,1/2-1/2,max_plies,200,0.5,100,100,83247,82115,832.47,821.15,275.73374299999995,272.128323,54856.9049,,,rn2kbnr/1bqp1ppp/p3p3/1p6/3NP3/P1NB4/1PP2PPP/R1BQK2R w KQkq - 0 1
db423ca,32,16,16,false,V1_6Engine,V2_0Engine,1/2-1/2,claimable_draw,8,0.5,4,4,2011,1997,502.75,499.25,275.838625,262.25624999999997,2158.2881,,,rn2kbnr/1bqp1ppp/p3p3/1p6/3NP3/P1NB4/1PP2PPP/R1BQK2R w KQkq - 0 1
db423ca,33,17,17,true,V2_0Engine,V1_6Engine,1-0,checkmate,133,1,67,66,60897,68989,908.9104477611941,1045.2878787878788,294.3609358208956,327.1367545454544,41360.2803,,,rn1qkb1r/pp2pppp/2p2n2/3p1bB1/3P4/2N2N2/PPP1PPPP/R2QKB1R w KQkq - 0 1
db423ca,34,17,17,false,V1_6Engine,V2_0Engine,1/2-1/2,claimable_draw,188,0.5,94,94,104061,91664,1107.031914893617,975.1489361702128,300.92808723404255,272.61144574468085,53976.7427,,,rn1qkb1r/pp2pppp/2p2n2/3p1bB1/3P4/2N2N2/PPP1PPPP/R2QKB1R w KQkq - 0 1
db423ca,35,18,18,true,V2_0Engine,V1_6Engine,1-0,checkmate,180,1,90,90,109841,115655,1220.4555555555555,1285.0555555555557,277.4406911111112,320.1227611111111,53845.9874,,,r1bqkbnr/ppp2ppp/2n5/3Pp3/3P4/5N2/PP2PPPP/RNBQKB1R b KQkq - 0 1
db423ca,36,18,18,false,V1_6Engine,V2_0Engine,0-1,checkmate,27,1,13,14,10214,12202,785.6923076923077,871.5714285714286,325.97998461538464,299.69846428571424,8446.5645,,,r1bqkbnr/ppp2ppp/2n5/3Pp3/3P4/5N2/PP2PPPP/RNBQKB1R b KQkq - 0 1
db423ca,37,19,19,true,V2_0Engine,V1_6Engine,1/2-1/2,max_plies,200,0.5,100,100,97624,94176,976.24,941.76,289.57966400000004,286.7102640000001,57700.5554,,,rnbqkb1r/ppppp1pp/5n2/5p2/2P5/2N2N2/PP1PPPPP/R1BQKB1R b KQkq - 0 1
db423ca,38,19,19,false,V1_6Engine,V2_0Engine,1/2-1/2,draw,105,0.5,52,53,49513,40388,952.1730769230769,762.0377358490566,306.2453192307692,261.20991698113204,29812.0539,,,rnbqkb1r/ppppp1pp/5n2/5p2/2P5/2N2N2/PP1PPPPP/R1BQKB1R b KQkq - 0 1
db423ca,39,20,20,true,V2_0Engine,V1_6Engine,1/2-1/2,claimable_draw,37,0.5,19,18,14643,12411,770.6842105263158,689.5,328.3096473684211,260.7271999999999,10952.3162,,,rnbqnrk1/ppp1ppbp/3p2p1/4P3/2PP1P2/2N5/PP4PP/R1BQKBNR w KQ - 0 1
db423ca,40,20,20,false,V1_6Engine,V2_0Engine,1/2-1/2,max_plies,200,0.5,100,100,77923,72334,779.23,723.34,273.3894689999999,265.557633,53963.5503,,,rnbqnrk1/ppp1ppbp/3p2p1/4P3/2PP1P2/2N5/PP4PP/R1BQKBNR w KQ - 0 1
db423ca,41,21,21,true,V2_0Engine,V1_6Engine,1/2-1/2,max_plies,200,0.5,100,100,83215,75789,832.15,757.89,295.7475610000001,276.603693,57303.3551,,,r1b1kbnr/pp3ppp/2n5/2p1P3/8/2P2N2/PP3PPP/RNBK1B1R b kq - 0 1
db423ca,42,21,21,false,V1_6Engine,V2_0Engine,1/2-1/2,max_plies,200,0.5,100,100,89228,69680,892.28,696.8,315.67366799999996,270.62846600000006,58712.3443,,,r1b1kbnr/pp3ppp/2n5/2p1P3/8/2P2N2/PP3PPP/RNBK1B1R b kq - 0 1
db423ca,43,22,22,true,V2_0Engine,V1_6Engine,1/2-1/2,draw,89,0.5,45,44,50643,47457,1125.4,1078.5681818181818,265.20624444444445,296.0624340909091,24992.3842,,,rnbq1rk1/p1p1bpp1/1p2p2p/3n4/3P3B/2N1PN2/PP3PPP/R2QKB1R w KQ - 0 1
db423ca,44,22,22,false,V1_6Engine,V2_0Engine,0-1,checkmate,46,1,23,23,18454,16086,802.3478260869565,699.3913043478261,313.7509130434783,277.21169565217394,13613.2513,,,rnbq1rk1/p1p1bpp1/1p2p2p/3n4/3P3B/2N1PN2/PP3PPP/R2QKB1R w KQ - 0 1
db423ca,45,23,23,true,V2_0Engine,V1_6Engine,1-0,checkmate,188,1,94,94,92177,102430,980.6063829787234,1089.6808510638298,278.63623617021284,300.5704574468086,54509.2539,,,r1bqkb1r/ppp2ppp/2n1pn2/3p4/3P4/5NP1/PPP1PPBP/RNBQ1RK1 b kq - 0 1
db423ca,46,23,23,false,V1_6Engine,V2_0Engine,1/2-1/2,draw,141,0.5,70,71,65506,66324,935.8,934.1408450704225,280.60118428571434,283.8056492957747,39843.6747,,,r1bqkb1r/ppp2ppp/2n1pn2/3p4/3P4/5NP1/PPP1PPBP/RNBQ1RK1 b kq - 0 1
db423ca,47,24,24,true,V2_0Engine,V1_6Engine,0-1,checkmate,66,0,33,33,21387,23340,648.0909090909091,707.2727272727273,286.9008666666666,290.4712636363636,19081.2192,,,r1bqk1nr/pp1p1pbp/2n1p1p1/2p5/2B1PP2/2NP4/PPP3PP/R1BQK1NR w KQkq - 0 1
db423ca,48,24,24,false,V1_6Engine,V2_0Engine,1/2-1/2,max_plies,200,0.5,100,100,82119,70499,821.19,704.99,287.24096099999997,267.346683,55535.8535,,,r1bqk1nr/pp1p1pbp/2n1p1p1/2p5/2B1PP2/2NP4/PPP3PP/R1BQK1NR w KQkq - 0 1
db423ca,49,25,25,true,V2_0Engine,V1_6Engine,1/2-1/2,draw,149,0.5,75,74,73360,86346,978.1333333333333,1166.837837837838,283.5322466666667,313.8644608108108,44539.3854,,,r1bqkb1r/pp1ppppp/2n2n2/8/4P3/2PB1N2/PP3PPP/RNBQK2R w KQkq - 0 1
db423ca,50,25,25,false,V1_6Engine,V2_0Engine,1/2-1/2,claimable_draw,155,0.5,78,77,93834,88698,1203,1151.922077922078,276.9315717948718,278.5884701298701,43098.6491,,,r1bqkb1r/pp1ppppp/2n2n2/8/4P3/2PB1N2/PP3PPP/RNBQK2R w KQkq - 0 1
db423ca,51,26,26,true,V2_0Engine,V1_6Engine,1/2-1/2,max_plies,200,0.5,100,100,98356,90092,983.56,900.92,262.52941800000013,276.9075730000001,54011.7479,,,rnbqkb1r/pppp1ppp/4p3/2PnP3/2B5/2N5/PP1P1PPP/R1BQK1NR b KQkq - 0 1
db423ca,52,26,26,false,V1_6Engine,V2_0Engine,1/2-1/2,draw,131,0.5,65,66,69240,64006,1065.2307692307693,969.7878787878788,305.4702153846153,280.32854242424247,38403.9772,,,rnbqkb1r/pppp1ppp/4p3/2PnP3/2B5/2N5/PP1P1PPP/R1BQK1NR b KQkq - 0 1
db423ca,53,27,27,true,V2_0Engine,V1_6Engine,1/2-1/2,max_plies,200,0.5,100,100,86808,105118,868.08,1051.18,279.40247600000015,314.937164,59505.8264,,,r1bq1rk1/ppp1ppbp/2np1np1/8/2PP4/2N1PN2/PP2BPPP/R1BQ1RK1 b - - 0 1
db423ca,54,27,27,false,V1_6Engine,V2_0Engine,1/2-1/2,claimable_draw,77,0.5,38,39,25828,25674,679.6842105263158,658.3076923076923,278.298747368421,272.5010948717948,21236.4841,,,r1bq1rk1/ppp1ppbp/2np1np1/8/2PP4/2N1PN2/PP2BPPP/R1BQ1RK1 b - - 0 1
db423ca,55,28,28,true,V2_0Engine,V1_6Engine,1/2-1/2,max_plies,200,0.5,100,100,92320,99873,923.2,998.73,282.05754800000005,294.635538,57728.0142,,,r3kb1r/ppp1pppp/2n2n2/3q4/6b1/5N2/PPPPBPPP/RNBQ1RK1 w kq - 0 1
db423ca,56,28,28,false,V1_6Engine,V2_0Engine,1/2-1/2,draw,116,0.5,58,58,68210,67193,1176.0344827586207,1158.5,282.7925431034483,271.0336362068966,32157.6981,,,r3kb1r/ppp1pppp/2n2n2/3q4/6b1/5N2/PPPPBPPP/RNBQ1RK1 w kq - 0 1
db423ca,57,29,29,true,V2_0Engine,V1_6Engine,1/2-1/2,draw,91,0.5,46,45,37945,44104,824.8913043478261,980.0888888888888,272.8133956521739,290.0833333333334,25636.158,,,r1bq1rk1/pp1pnpbp/2n1p1p1/2p5/2P1PP2/2NP1N2/PP2B1PP/R1BQK2R w KQ - 0 1
db423ca,58,29,29,false,V1_6Engine,V2_0Engine,0-1,checkmate,114,1,57,57,41060,38852,720.3508771929825,681.6140350877193,288.01027192982446,288.2181210526315,32892.3702,,,r1bq1rk1/pp1pnpbp/2n1p1p1/2p5/2P1PP2/2NP1N2/PP2B1PP/R1BQK2R w KQ - 0 1
db423ca,59,30,30,true,V2_0Engine,V1_6Engine,1-0,checkmate,107,1,54,53,57034,60129,1056.1851851851852,1134.5094339622642,272.3887685185186,281.94908301886795,29687.7233,,,rnbqkb1r/pppp1pp1/4pn1p/6B1/3PP3/8/PPP2PPP/RN1QKBNR w KQkq - 0 1
db423ca,60,30,30,false,V1_6Engine,V2_0Engine,0-1,checkmate,82,1,41,41,23879,32634,582.4146341463414,795.9512195121952,283.3117804878048,373.5118390243902,26966.2678,,,rnbqkb1r/pppp1pp1/4pn1p/6B1/3PP3/8/PPP2PPP/RN1QKBNR w KQkq - 0 1
db423ca,61,31,31,true,V2_0Engine,V1_6Engine,1-0,checkmate,12,1,6,6,6017,5330,1002.8333333333334,888.3333333333334,271.8413333333333,267.1050666666667,3238.8218,,,r1bqkbnr/pp1ppp1p/2n3p1/8/2BNP3/8/PPP2PPP/RNBQK2R b KQkq - 0 1
db423ca,62,31,31,false,V1_6Engine,V2_0Engine,1-0,checkmate,86,0,43,43,31963,31933,743.3255813953489,742.6279069767442,260.8191162790697,270.1629604651162,22864.3932,,,r1bqkbnr/pp1ppp1p/2n3p1/8/2BNP3/8/PPP2PPP/RNBQK2R b KQkq - 0 1
db423ca,63,32,32,true,V2_0Engine,V1_6Engine,1/2-1/2,draw,117,0.5,59,58,48997,50010,830.457627118644,862.2413793103449,270.96864067796605,292.17225,32968.3707,,,r1bqkbnr/pp1ppppp/2n5/2p5/2B1P3/8/PPPP1PPP/RNBQK1NR w KQkq - 0 1
db423ca,64,32,32,false,V1_6Engine,V2_0Engine,1/2-1/2,draw,116,0.5,58,58,75721,64850,1305.5344827586207,1118.103448275862,315.14442586206894,270.5700758620689,34010.4705,,,r1bqkbnr/pp1ppppp/2n5/2p5/2B1P3/8/PPPP1PPP/RNBQK1NR w KQkq - 0 1
db423ca,65,33,33,true,V2_0Engine,V1_6Engine,1/2-1/2,max_plies,200,0.5,100,100,69492,76828,694.92,768.28,273.70820999999984,266.9408539999999,54146.1798,,,rnbqkb1r/pp1ppppp/2p2n2/8/2P5/6P1/PP1PPPBP/RNBQK1NR b KQkq - 0 1
db423ca,66,33,33,false,V1_6Engine,V2_0Engine,1/2-1/2,max_plies,200,0.5,100,100,92594,83688,925.94,836.88,304.06637100000006,274.33825999999993,57920.2163,,,rnbqkb1r/pp1ppppp/2p2n2/8/2P5/6P1/PP1PPPBP/RNBQK1NR b KQkq - 0 1
db423ca,67,34,34,true,V2_0Engine,V1_6Engine,1/2-1/2,draw,135,0.5,68,67,69995,77691,1029.3382352941176,1159.5671641791046,283.43306617647056,311.4721746268657,40187.5302,,,rnbqk1nr/ppp2p2/3b4/6pp/8/5NP1/PPPPP2P/RNBQKB1R w KQkq - 0 1
db423ca,68,34,34,false,V1_6Engine,V2_0Engine,1/2-1/2,draw,114,0.5,57,57,66684,61182,1169.8947368421052,1073.3684210526317,309.9717631578948,268.317198245614,33003.1566,,,rnbqk1nr/ppp2p2/3b4/6pp/8/5NP1/PPPPP2P/RNBQKB1R w KQkq - 0 1
db423ca,69,35,35,true,V2_0Engine,V1_6Engine,1/2-1/2,claimable_draw,155,0.5,78,77,65593,65026,840.9358974358975,844.4935064935065,288.77370641025647,270.9515831168832,43448.753,,,r1bq1rk1/pp1p1ppp/2n1pn2/8/1bPN4/2N3P1/PP2PPBP/R1BQK2R w KQ - 0 1
db423ca,70,35,35,false,V1_6Engine,V2_0Engine,1/2-1/2,draw,121,0.5,61,60,61735,90328,1012.0491803278688,1505.4666666666667,271.8955655737705,346.7188416666668,37434.308,,,r1bq1rk1/pp1p1ppp/2n1pn2/8/1bPN4/2N3P1/PP2PPBP/R1BQK2R w KQ - 0 1
db423ca,71,36,36,true,V2_0Engine,V1_6Engine,1/2-1/2,claimable_draw,12,0.5,6,6,3490,3780,581.6666666666666,630,269.57838333333336,270.26495,3242.8945,,,rnb1k2r/pp2ppbp/3p1np1/q1P5/4PP2/2NB1N2/PPP3PP/R1BQK2R b KQkq - 0 1
db423ca,72,36,36,false,V1_6Engine,V2_0Engine,0-1,checkmate,69,1,34,35,20857,24064,613.4411764705883,687.5428571428571,275.67143823529415,328.66664571428566,20911.8463,,,rnb1k2r/pp2ppbp/3p1np1/q1P5/4PP2/2NB1N2/PPP3PP/R1BQK2R b KQkq - 0 1
db423ca,73,37,37,true,V2_0Engine,V1_6Engine,1/2-1/2,claimable_draw,180,0.5,90,90,127139,109174,1412.6555555555556,1213.0444444444445,315.4914266666665,265.13884333333345,52301.8668,,,r1bqk2r/pppp1ppp/2n2n2/2b1p3/8/3P1NP1/PPP1PPBP/RNBQK2R w KQkq - 0 1
db423ca,74,37,37,false,V1_6Engine,V2_0Engine,1/2-1/2,claimable_draw,82,0.5,41,41,33094,30518,807.170731707317,744.3414634146342,268.7363390243902,282.6175926829269,22637.9191,,,r1bqk2r/pppp1ppp/2n2n2/2b1p3/8/3P1NP1/PPP1PPBP/RNBQK2R w KQkq - 0 1
db423ca,75,38,38,true,V2_0Engine,V1_6Engine,1-0,checkmate,92,1,46,46,41281,42589,897.4130434782609,925.8478260869565,292.1059891304348,292.1465760869565,26913.4395,,,rnbqk1nr/pp1pppbp/6p1/2p5/4P3/2NP1N2/PPP2PPP/R1BQKB1R b KQkq - 0 1
db423ca,76,38,38,false,V1_6Engine,V2_0Engine,1-0,checkmate,74,0,37,37,25194,26334,680.918918918919,711.7297297297297,265.7504243243243,275.93720810810817,20075.7221,,,rnbqk1nr/pp1pppbp/6p1/2p5/4P3/2NP1N2/PPP2PPP/R1BQKB1R b KQkq - 0 1
db423ca,77,39,39,true,V2_0Engine,V1_6Engine,1/2-1/2,max_plies,200,0.5,100,100,74056,66313,740.56,663.13,292.79586599999993,260.43684900000005,55406.3574,,,r2qkb1r/pb1n1ppp/2p1pn2/1p6/3P4/2NBPN2/PP3PPP/R1BQK2R w KQkq - 0 1
db423ca,78,39,39,false,V1_6Engine,V2_0Engine,1/2-1/2,claimable_draw,34,0.5,17,17,10275,11218,604.4117647058823,659.8823529411765,262.9733647058824,305.20897647058825,9675.455,,,r2qkb1r/pb1n1ppp/2p1pn2/1p6/3P4/2NBPN2/PP3PPP/R1BQK2R w KQkq - 0 1
db423ca,79,40,40,true,V2_0Engine,V1_6Engine,1-0,checkmate,109,1,55,54,69399,64269,1261.8,1190.1666666666667,270.4368272727274,291.34604259259265,30650.834,,,rnbq1rk1/ppp2pbp/3p1np1/4p3/2P5/2N2NP1/PP1PPPBP/R1BQ1RK1 w - - 0 1
db423ca,80,40,40,false,V1_6Engine,V2_0Engine,1/2-1/2,claimable_draw,120,0.5,60,60,40665,37216,677.75,620.2666666666667,294.81335166666656,295.9652033333332,35505.0718,,,rnbq1rk1/ppp2pbp/3p1np1/4p3/2P5/2N2NP1/PP1PPPBP/R1BQ1RK1 w - - 0 1
db423ca,81,41,41,true,V2_0Engine,V1_6Engine,1/2-1/2,claimable_draw,95,0.5,48,47,40312,38972,839.8333333333334,829.1914893617021,301.6638125,271.5282,27272.0498,,,rnbq1rk1/pp3pbp/3p1np1/2pP4/5B2/2N2N1P/PP2PPP1/R2QKB1R w KQ - 0 1
db423ca,82,41,41,false,V1_6Engine,V2_0Engine,1/2-1/2,max_plies,200,0.5,100,100,80028,74394,800.28,743.94,268.32961100000006,268.521814,53756.2967,,,rnbq1rk1/pp3pbp/3p1np1/2pP4/5B2/2N2N1P/PP2PPP1/R2QKB1R w KQ - 0 1
db423ca,83,42,42,true,V2_0Engine,V1_6Engine,1-0,checkmate,10,1,5,5,5027,3555,1005.4,711,313.71464,259.18498,2869.4548,,,r1bqk1nr/pppp1Bpp/2n5/2b5/4P3/2p2N2/PP3PPP/RNBQK2R b KQkq - 0 1
db423ca,84,42,42,false,V1_6Engine,V2_0Engine,1/2-1/2,max_plies,200,0.5,100,100,74457,73423,744.57,734.23,280.864873,289.0855000000001,57076.0399,,,r1bqk1nr/pppp1Bpp/2n5/2b5/4P3/2p2N2/PP3PPP/RNBQK2R b KQkq - 0 1
db423ca,85,43,43,true,V2_0Engine,V1_6Engine,1/2-1/2,draw,149,0.5,74,75,107218,85059,1448.8918918918919,1134.12,327.3691635135135,272.63595733333335,44711.9081,,,rn1qkb1r/pb1p1ppp/1p2pn2/2p5/3P1B2/2PBPN2/PP3PPP/RN1QK2R b KQkq - 0 1
db423ca,86,43,43,false,V1_6Engine,V2_0Engine,1/2-1/2,draw,157,0.5,78,79,77413,70684,992.474358974359,894.7341772151899,304.80375512820507,281.5396405063291,46070.5201,,,rn1qkb1r/pb1p1ppp/1p2pn2/2p5/3P1B2/2PBPN2/PP3PPP/RN1QK2R b KQkq - 0 1
db423ca,87,44,44,true,V2_0Engine,V1_6Engine,1-0,checkmate,70,1,35,35,34812,33811,994.6285714285714,966.0285714285715,312.0243514285714,285.0531914285714,20921.6559,,,rnbq1rk1/ppppbppp/4pn2/8/2PPP3/2N2N2/PP3PPP/R1BQKB1R b KQ - 0 1
db423ca,88,44,44,false,V1_6Engine,V2_0Engine,1/2-1/2,max_plies,200,0.5,100,100,86036,81939,860.36,819.39,275.22829500000006,270.04246100000006,54595.7238,,,rnbq1rk1/ppppbppp/4pn2/8/2PPP3/2N2N2/PP3PPP/R1BQKB1R b KQ - 0 1
db423ca,89,45,45,true,V2_0Engine,V1_6Engine,1-0,checkmate,112,1,56,56,49634,52875,886.3214285714286,944.1964285714286,273.3769982142857,286.84965892857144,31406.9102,,,rnbqkb1r/ppp2ppp/8/3pP3/4n3/2N2N2/PPPP2PP/R1BQKB1R b KQkq - 0 1
db423ca,90,45,45,false,V1_6Engine,V2_0Engine,1/2-1/2,max_plies,200,0.5,100,100,104870,108354,1048.7,1083.54,301.6161340000001,277.02100600000006,57926.3428,,,rnbqkb1r/ppp2ppp/8/3pP3/4n3/2N2N2/PPPP2PP/R1BQKB1R b KQkq - 0 1
db423ca,91,46,46,true,V2_0Engine,V1_6Engine,1/2-1/2,max_plies,200,0.5,100,100,68762,72457,687.62,724.57,270.97990100000004,263.31542700000006,53508.0576,,,rn2kb1r/pp2pppp/2p2n2/q4b2/2BP4/2N2N2/PPPB1PPP/R2QK2R b KQkq - 0 1
db423ca,92,46,46,false,V1_6Engine,V2_0Engine,0-1,checkmate,37,1,18,19,10656,16287,592,857.2105263157895,271.46242222222236,384.8617263157895,12215.6241,,,rn2kb1r/pp2pppp/2p2n2/q4b2/2BP4/2N2N2/PPPB1PPP/R2QK2R b KQkq - 0 1
db423ca,93,47,47,true,V2_0Engine,V1_6Engine,1-0,checkmate,51,1,26,25,28083,28044,1080.1153846153845,1121.76,274.08403846153846,292.858432,14470.3901,,,r1bqkbnr/pp1ppp1p/2n3p1/8/2PpP3/5N2/PP3PPP/RNBQKB1R w KQkq - 0 1
db423ca,94,47,47,false,V1_6Engine,V2_0Engine,1/2-1/2,max_plies,200,0.5,100,100,102467,116327,1024.67,1163.27,307.571847,267.67670100000004,57596.2651,,,r1bqkbnr/pp1ppp1p/2n3p1/8/2PpP3/5N2/PP3PPP/RNBQKB1R w KQkq - 0 1
db423ca,95,48,48,true,V2_0Engine,V1_6Engine,1-0,checkmate,72,1,36,36,27560,26923,765.5555555555555,747.8611111111111,305.61919444444436,261.1852972222222,20434.0866,,,r1bqkbnr/pp1ppp1p/2n3p1/2p5/4P3/6P1/PPPPNPBP/RNBQK2R b KQkq - 0 1
db423ca,96,48,48,false,V1_6Engine,V2_0Engine,1-0,checkmate,190,0,95,95,71381,74811,751.3789473684211,787.4842105263158,277.58045684210526,297.7152768421053,54721.2535,,,r1bqkbnr/pp1ppp1p/2n3p1/2p5/4P3/6P1/PPPPNPBP/RNBQK2R b KQkq - 0 1
db423ca,97,49,49,true,V2_0Engine,V1_6Engine,1/2-1/2,max_plies,200,0.5,100,100,68496,71266,684.96,712.66,284.197198,277.60403600000006,56260.7333,,,r2qkb1r/pp2pppp/2n2n2/2pp4/3P1Bb1/2P1PN2/PP2BPPP/RN1QK2R b KQkq - 0 1
db423ca,98,49,49,false,V1_6Engine,V2_0Engine,1/2-1/2,draw,141,0.5,70,71,73364,84846,1048.057142857143,1195.0140845070423,304.0640699999999,331.0449647887324,44836.3275,,,r2qkb1r/pp2pppp/2n2n2/2pp4/3P1Bb1/2P1PN2/PP2BPPP/RN1QK2R b KQkq - 0 1
db423ca,99,50,50,true,V2_0Engine,V1_6Engine,1/2-1/2,draw,162,0.5,81,81,65445,87535,807.9629629629629,1080.679012345679,265.63153456790116,333.09884320987646,48566.5682,,,r1bqk1nr/pppnppbp/3p2p1/8/3P4/5NP1/PPP1PPBP/RNBQ1RK1 b kq - 0 1
db423ca,100,50,50,false,V1_6Engine,V2_0Engine,1/2-1/2,claimable_draw,119,0.5,59,60,67658,62229,1146.7457627118645,1037.15,289.2376677966102,273.95192833333334,33538.7723,,,r1bqk1nr/pppnppbp/3p2p1/8/3P4/5NP1/PPP1PPBP/RNBQ1RK1 b kq - 0 1
